,proba_0,proba_1
0,0.5,0.5
1,0.4940005118223089,0.5059994881776911
2,0.5,0.5
3,0.5,0.5
4,0.4942196742832164,0.5057803257167836
5,0.5,0.5
6,0.5,0.5
7,0.5,0.5
8,0.5,0.5
9,0.49470878509211674,0.5052912149078834
10,0.5,0.5
11,0.5,0.5
12,0.5,0.5
13,0.5,0.5
14,0.5,0.5
15,0.5,0.5
16,0.5,0.5
17,0.5,0.5
18,0.5,0.5
19,0.5,0.5
