,proba_0,proba_1
0,0.5,0.5
1,0.49317697499455176,0.5068230250054482
2,0.4933946463327555,0.5066053536672445
3,0.49472740884710914,0.505272591152891
4,0.5,0.5
5,0.5,0.5
6,0.5,0.5
7,0.490100185499224,0.5098998145007758
8,0.49014189966148153,0.5098581003385185
9,0.5,0.5
10,0.5,0.5
11,0.5,0.5
12,0.5,0.5
13,0.5,0.5
14,0.5072813284602737,0.49271867153972615
15,0.5069925261151403,0.4930074738848595
16,0.5,0.5
17,0.5,0.5
18,0.5,0.5
19,0.5079580833073389,0.49204191669266123
