,proba_0,proba_1
0,0.5,0.5
1,0.49289948587128213,0.5071005141287178
2,0.4931521963197092,0.5068478036802908
3,0.494851026381436,0.505148973618564
4,0.5,0.5
5,0.5,0.5
6,0.5,0.5
7,0.48976289476407103,0.5102371052359288
8,0.48975243239736743,0.5102475676026326
9,0.5,0.5
10,0.5,0.5
11,0.5,0.5
12,0.5,0.5
13,0.5,0.5
14,0.5081799938206518,0.49182000617934807
15,0.5079608988013631,0.4920391011986372
16,0.5,0.5
17,0.5057505469609042,0.494249453039096
18,0.5,0.5
19,0.5088721352151674,0.4911278647848327
