,proba_0,proba_1
0,0.5,0.5
1,0.492753919595233,0.5072460804047672
2,0.49279438087363103,0.5072056191263691
3,0.4944564206200171,0.5055435793799831
4,0.5,0.5
5,0.5,0.5
6,0.5,0.5
7,0.48981825439659343,0.5101817456034066
8,0.4897223571355585,0.5102776428644415
9,0.5,0.5
10,0.5,0.5
11,0.5,0.5
12,0.5,0.5
13,0.5,0.5
14,0.5067379812914575,0.4932620187085425
15,0.5064820841090241,0.49351791589097577
16,0.5,0.5
17,0.5,0.5
18,0.49488559098052826,0.5051144090194717
19,0.507264062861949,0.492735937138051
