,proba_0,proba_1
0,0.5,0.5
1,0.4936529765816853,0.506347023418315
2,0.4938730716922537,0.5061269283077464
3,0.5,0.5
4,0.5,0.5
5,0.5,0.5
6,0.5,0.5
7,0.4906426281160483,0.5093573718839516
8,0.4906208985644963,0.5093791014355038
9,0.5,0.5
10,0.5,0.5
11,0.5,0.5
12,0.5,0.5
13,0.5,0.5
14,0.5075884119335036,0.49241158806649615
15,0.5073657639753688,0.4926342360246312
16,0.5,0.5
17,0.5053880893802619,0.4946119106197382
18,0.5,0.5
19,0.508168455585947,0.49183154441405286
