,maxiter,accuracy
0,1000,0.7468051118210862
1,2000,0.7915335463258786
2,3000,0.7835463258785943
3,4000,0.7835463258785943
4,5000,0.8027156549520766
5,6000,0.6980830670926518
6,7000,0.7851437699680511
7,8000,0.792332268370607
8,9000,0.7476038338658147
9,10000,0.7675718849840255
