,nr_shap,accuracy
0,0.05,0.7971246006389776
1,0.1,0.7971246006389776
2,0.15000000000000002,0.8075079872204473
3,0.2,0.8314696485623003
4,0.25,0.8234824281150159
5,0.3,0.8250798722044729
6,0.35000000000000003,0.8330670926517572
7,0.4,0.8178913738019169
8,0.45,0.8402555910543131
9,0.5,0.8506389776357828
