,reg,accuracy
0,0.0,0.9642857142857143
1,0.05,0.9642857142857143
2,0.1,1.0
3,0.15000000000000002,0.9642857142857143
4,0.2,0.9642857142857143
5,0.25,0.9642857142857143
6,0.30000000000000004,0.9642857142857143
7,0.35000000000000003,0.9642857142857143
8,0.4,0.9642857142857143
9,0.45,0.9642857142857143
10,0.5,0.9642857142857143
