,nr_shap,accuracy
0,0.05,0.8019966722129783
1,0.1,0.8053244592346089
2,0.15000000000000002,0.8885191347753744
3,0.2,0.8851913477537438
4,0.25,0.826955074875208
5,0.3,0.8818635607321131
6,0.35000000000000003,0.7420965058236273
7,0.4,0.9051580698835274
8,0.45,0.6173044925124792
9,0.5,0.8968386023294509
