,reg,accuracy
0,0.0,0.8419301164725458
1,0.05,0.7720465890183028
2,0.1,0.8569051580698835
3,0.15000000000000002,0.8818635607321131
4,0.2,0.9118136439267887
5,0.25,0.9267886855241264
6,0.30000000000000004,0.9367720465890182
7,0.35000000000000003,0.9284525790349417
8,0.4,0.8935108153078203
9,0.45,0.9151414309484193
10,0.5,0.8951747088186356
