,maxiter,accuracy
0,1000,0.8153078202995009
1,2000,0.9267886855241264
2,3000,0.8402662229617305
3,4000,0.8136439267886856
4,5000,0.8169717138103162
5,6000,0.9267886855241264
6,7000,0.9317803660565723
7,8000,0.8153078202995009
8,9000,0.8502495840266223
9,10000,0.9267886855241264
